datetime_scraped,event_url
2022-06-13 18:13:57.432221,http://www.ufcstats.com/event-details/3a24769a4855040a
2022-06-13 18:13:57.470457,http://www.ufcstats.com/event-details/d181689653115b6a
2022-06-13 18:13:57.531359,http://www.ufcstats.com/event-details/49e7e05f902479ca
2022-06-13 18:13:57.532544,http://www.ufcstats.com/event-details/7929be8290289a47
2022-06-13 18:13:57.546734,http://www.ufcstats.com/event-details/15515e797aedc137
2022-06-13 18:13:57.556644,http://www.ufcstats.com/event-details/eed2b71d77d95416
2022-06-13 18:13:57.557684,http://www.ufcstats.com/event-details/620be7e0712d431b
2022-06-13 18:13:57.560216,http://www.ufcstats.com/event-details/daa89f01e1c0f42a
2022-06-13 18:13:57.567741,http://www.ufcstats.com/event-details/ad99fa5325519169
2022-06-13 18:13:57.568675,http://www.ufcstats.com/event-details/67ec58d7cf599835
2022-06-13 18:13:57.619351,http://www.ufcstats.com/event-details/f5990c11974d8e9c
2022-06-13 18:13:57.621939,http://www.ufcstats.com/event-details/3144121470023e9a
2022-06-13 18:13:57.647558,http://www.ufcstats.com/event-details/8215e4fe24e8e81b
2022-06-13 18:13:57.655259,http://www.ufcstats.com/event-details/d29b5c4f22c6357d
2022-06-13 18:13:57.656424,http://www.ufcstats.com/event-details/2eae41f61776c60f
2022-06-13 18:13:57.663321,http://www.ufcstats.com/event-details/ac5f67109accb482
2022-06-13 18:13:57.696651,http://www.ufcstats.com/event-details/1a49e0670dfaca31
2022-06-13 18:13:57.710677,http://www.ufcstats.com/event-details/a6a9ab5a824e8f66
2022-06-13 18:13:57.717437,http://www.ufcstats.com/event-details/b60391da771deefe
2022-06-13 18:13:57.722383,http://www.ufcstats.com/event-details/dedc3bb440d09554
2022-06-13 18:13:57.732529,http://www.ufcstats.com/event-details/1c3f5e85b59ec710
2022-06-13 18:13:57.753776,http://www.ufcstats.com/event-details/b63e800c18e011b5
2022-06-13 18:13:57.754723,http://www.ufcstats.com/event-details/31bbd46d57dfbcb7
2022-06-13 18:13:57.757717,http://www.ufcstats.com/event-details/5af480a3b2e1726b
2022-06-13 18:13:57.780664,http://www.ufcstats.com/event-details/a390eb8a9b2df298
2022-06-13 18:13:57.795285,http://www.ufcstats.com/event-details/aee8eecfc4bfb1e7
2022-06-13 18:13:57.803064,http://www.ufcstats.com/event-details/6ceff86fae4f6b3b
2022-06-13 18:13:57.822085,http://www.ufcstats.com/event-details/96eff1a628adcc7f
2022-06-13 18:13:57.823502,http://www.ufcstats.com/event-details/9b5b5a75523728f3
2022-06-13 18:13:57.841096,http://www.ufcstats.com/event-details/5bd533d50c8e7b8a
2022-06-13 18:13:57.842613,http://www.ufcstats.com/event-details/dc950d59dc590aca
2022-06-13 18:13:57.886181,http://www.ufcstats.com/event-details/07a18ae55dfc3cd9
2022-06-13 18:13:57.891338,http://www.ufcstats.com/event-details/29f935654825331b
2022-06-13 18:13:57.892338,http://www.ufcstats.com/event-details/749685d24e2cac50
2022-06-13 18:13:57.907567,http://www.ufcstats.com/event-details/32a3025d5db456ae
2022-06-13 18:13:57.917848,http://www.ufcstats.com/event-details/4a01dc8376736ef5
2022-06-13 18:13:57.919816,http://www.ufcstats.com/event-details/c9bbf1a0285a8076
2022-06-13 18:13:57.943810,http://www.ufcstats.com/event-details/a220be6d41d6f97d
2022-06-13 18:13:57.963143,http://www.ufcstats.com/event-details/1a1a4d7a29041d77
2022-06-13 18:13:57.966161,http://www.ufcstats.com/event-details/afaad7d6a581e307
2022-06-13 18:13:58.040472,http://www.ufcstats.com/event-details/a7b48e18ca27795d
2022-06-13 18:13:58.041219,http://www.ufcstats.com/event-details/a8fa0c4e95512806
2022-06-13 18:13:58.042660,http://www.ufcstats.com/event-details/20ec0061400178ca
2022-06-13 18:13:58.050252,http://www.ufcstats.com/event-details/d2b1c1317a39f6c6
2022-06-13 18:13:58.056012,http://www.ufcstats.com/event-details/cedfdf8d423d500c
2022-06-13 18:13:58.085800,http://www.ufcstats.com/event-details/08ae5cd9aef7ddd3
2022-06-13 18:13:58.093542,http://www.ufcstats.com/event-details/31652c9267606d54
2022-06-13 18:13:58.095125,http://www.ufcstats.com/event-details/da6dfd09cca1d705
2022-06-13 18:13:58.111746,http://www.ufcstats.com/event-details/2b1587a3376ab743
2022-06-13 18:13:58.122721,http://www.ufcstats.com/event-details/7b9aa973e5c04624
2022-06-13 18:13:58.141689,http://www.ufcstats.com/event-details/c75b99887c8c3f5a
2022-06-13 18:13:58.144424,http://www.ufcstats.com/event-details/20bd6c3e03c46ee6
2022-06-13 18:13:58.175848,http://www.ufcstats.com/event-details/4dc496aa0cfc0d95
2022-06-13 18:13:58.179775,http://www.ufcstats.com/event-details/946f341df6472ee0
2022-06-13 18:13:58.184482,http://www.ufcstats.com/event-details/02fc8f50f56eb307
2022-06-13 18:13:58.186764,http://www.ufcstats.com/event-details/9fd1f08dd4aec14a
2022-06-13 18:13:58.205261,http://www.ufcstats.com/event-details/9ccdd2ce45903f34
2022-06-13 18:13:58.237564,http://www.ufcstats.com/event-details/1dc56b59cb28425d
2022-06-13 18:13:58.260725,http://www.ufcstats.com/event-details/0cf935519d439ba6
2022-06-13 18:13:58.271753,http://www.ufcstats.com/event-details/e06fd1260ac865a7
2022-06-13 18:13:58.283298,http://www.ufcstats.com/event-details/bba678d312590087
2022-06-13 18:13:58.304156,http://www.ufcstats.com/event-details/ae58685caf8e4a0d
2022-06-13 18:13:58.341790,http://www.ufcstats.com/event-details/94609dd91731d428
2022-06-13 18:13:58.348276,http://www.ufcstats.com/event-details/e8fb8e53bc2e29d6
2022-06-13 18:13:58.349394,http://www.ufcstats.com/event-details/c61f66d8c3fd5f07
2022-06-13 18:13:58.350753,http://www.ufcstats.com/event-details/e670f8cc2969a789
2022-06-13 18:13:58.358285,http://www.ufcstats.com/event-details/108afe61a26bcbf4
2022-06-13 18:13:58.362744,http://www.ufcstats.com/event-details/429e7d3725852ce9
2022-06-13 18:13:58.369123,http://www.ufcstats.com/event-details/b4bc2e3353a770b5
2022-06-13 18:13:58.382566,http://www.ufcstats.com/event-details/ce783bf73b5131f9
2022-06-13 18:13:58.420658,http://www.ufcstats.com/event-details/85d905f7c4f5a1af
2022-06-13 18:13:58.429909,http://www.ufcstats.com/event-details/fbbde91f7bc2d3c5
2022-06-13 18:13:58.444235,http://www.ufcstats.com/event-details/c933d423ebdbbbdb
2022-06-13 18:13:58.445771,http://www.ufcstats.com/event-details/d3711d3784b76255
2022-06-13 18:13:58.446919,http://www.ufcstats.com/event-details/3f24c96753dbd9f9
2022-06-13 18:13:58.447818,http://www.ufcstats.com/event-details/669a3cb6e394f515
2022-06-13 18:13:58.458390,http://www.ufcstats.com/event-details/efaf544314bb5c2e
2022-06-13 18:13:58.499049,http://www.ufcstats.com/event-details/271fe91f4ba9d2c5
2022-06-13 18:13:58.499835,http://www.ufcstats.com/event-details/31ceaf0e670c1578
2022-06-13 18:13:58.527973,http://www.ufcstats.com/event-details/0e9869d712e81f8f
2022-06-13 18:13:58.534627,http://www.ufcstats.com/event-details/2ee09ec2a0695eb9
2022-06-13 18:13:58.539784,http://www.ufcstats.com/event-details/977081bc01197656
2022-06-13 18:13:58.540777,http://www.ufcstats.com/event-details/c7e9d15cfce52f1d
2022-06-13 18:13:58.543263,http://www.ufcstats.com/event-details/b361180739bed4b0
2022-06-13 18:13:58.544502,http://www.ufcstats.com/event-details/03688dc3c3af3ac1
2022-06-13 18:13:58.578956,http://www.ufcstats.com/event-details/1dab0d1d81dd06db
2022-06-13 18:13:58.582231,http://www.ufcstats.com/event-details/a54a35a670d8e852
2022-06-13 18:13:58.608540,http://www.ufcstats.com/event-details/445a98acb8985970
2022-06-13 18:13:58.621368,http://www.ufcstats.com/event-details/f70144caea5c4c80
2022-06-13 18:13:58.626117,http://www.ufcstats.com/event-details/46c8ec317aff28ac
2022-06-13 18:13:58.628620,http://www.ufcstats.com/event-details/f717b6002486f73f
2022-06-13 18:13:58.656270,http://www.ufcstats.com/event-details/13e62d766b709aa6
2022-06-13 18:13:58.658585,http://www.ufcstats.com/event-details/577ec7e108b94be3
2022-06-13 18:13:58.687347,http://www.ufcstats.com/event-details/13b2f59210dda9cc
2022-06-13 18:13:58.688316,http://www.ufcstats.com/event-details/baf942f4bcb09894
2022-06-13 18:13:58.696005,http://www.ufcstats.com/event-details/3fed746acfd026dd
2022-06-13 18:13:58.705289,http://www.ufcstats.com/event-details/ee5df903f80c6816
2022-06-13 18:13:58.706750,http://www.ufcstats.com/event-details/21b8a0f5c231096f
2022-06-13 18:13:58.711903,http://www.ufcstats.com/event-details/13c4313ed0f744f3
2022-06-13 18:13:58.733764,http://www.ufcstats.com/event-details/63b65af1c5cb02cb
2022-06-13 18:13:58.738998,http://www.ufcstats.com/event-details/de3ed2e152520c8d
2022-06-13 18:13:58.767688,http://www.ufcstats.com/event-details/a6c2f5381d575920
2022-06-13 18:13:58.770435,http://www.ufcstats.com/event-details/c1684f00c626f4c0
2022-06-13 18:13:58.777924,http://www.ufcstats.com/event-details/4604ab1de9058474
2022-06-13 18:13:58.786215,http://www.ufcstats.com/event-details/304fcd812f12c589
2022-06-13 18:13:58.791471,http://www.ufcstats.com/event-details/5ca158b1cc9cb242
2022-06-13 18:13:58.792567,http://www.ufcstats.com/event-details/2e04a3b4a2011b97
2022-06-13 18:13:58.820788,http://www.ufcstats.com/event-details/e7ec11096eac0282
2022-06-13 18:13:58.828608,http://www.ufcstats.com/event-details/2a6f8136da1e52c0
2022-06-13 18:13:58.857086,http://www.ufcstats.com/event-details/f341f9551ba744e2
2022-06-13 18:13:58.863436,http://www.ufcstats.com/event-details/a5c53b3ddb31cc7d
2022-06-13 18:13:58.868695,http://www.ufcstats.com/event-details/0aa92558424ced9e
2022-06-13 18:13:58.876303,http://www.ufcstats.com/event-details/bad28b7b34f334de
2022-06-13 18:13:58.881535,http://www.ufcstats.com/event-details/1d147d4163a6989b
2022-06-13 18:13:58.888834,http://www.ufcstats.com/event-details/91181b29be041f1c
2022-06-13 18:13:58.922061,http://www.ufcstats.com/event-details/df85d6ec3493d120
2022-06-13 18:13:58.923101,http://www.ufcstats.com/event-details/7269329bd87eb479
2022-06-13 18:13:58.939495,http://www.ufcstats.com/event-details/a24e080000fa7a35
2022-06-13 18:13:58.953799,http://www.ufcstats.com/event-details/33e33d51f289d2a1
2022-06-13 18:13:58.954597,http://www.ufcstats.com/event-details/597db668b01c442c
2022-06-13 18:13:58.968619,http://www.ufcstats.com/event-details/598a58db87b890ee
2022-06-13 18:13:58.976825,http://www.ufcstats.com/event-details/b9e871af730f826c
2022-06-13 18:13:58.995928,http://www.ufcstats.com/event-details/2549d63da9c456cb
2022-06-13 18:13:58.997006,http://www.ufcstats.com/event-details/ad047e3073a775f3
2022-06-13 18:13:59.008577,http://www.ufcstats.com/event-details/2efbc83a6b9b7f86
2022-06-13 18:13:59.027628,http://www.ufcstats.com/event-details/2299605af59fd309
2022-06-13 18:13:59.035198,http://www.ufcstats.com/event-details/bf12aca029bfcc47
2022-06-13 18:13:59.037553,http://www.ufcstats.com/event-details/46f11d15c0134fe3
2022-06-13 18:13:59.059442,http://www.ufcstats.com/event-details/19ffeb5e3fffd6d5
2022-06-13 18:13:59.060239,http://www.ufcstats.com/event-details/0db70ca89e1c7374
2022-06-13 18:13:59.082654,http://www.ufcstats.com/event-details/279093302a6f44b3
2022-06-13 18:13:59.087869,http://www.ufcstats.com/event-details/312f47c3d2f83ffa
2022-06-13 18:13:59.088595,http://www.ufcstats.com/event-details/c670aa48827d6be6
2022-06-13 18:13:59.124967,http://www.ufcstats.com/event-details/ea398c802d9998ee
2022-06-13 18:13:59.126016,http://www.ufcstats.com/event-details/30cd319d39ee689b
2022-06-13 18:13:59.126804,http://www.ufcstats.com/event-details/a2b06ca02bca14c0
2022-06-13 18:13:59.146373,http://www.ufcstats.com/event-details/23ab42947c1990e3
2022-06-13 18:13:59.149328,http://www.ufcstats.com/event-details/68c6cd5287b473a7
2022-06-13 18:13:59.167430,http://www.ufcstats.com/event-details/2a542ee8a8b83559
2022-06-13 18:13:59.168475,http://www.ufcstats.com/event-details/d1759b2b7be9be56
2022-06-13 18:13:59.178405,http://www.ufcstats.com/event-details/7d21de9c6d7c98b2
2022-06-13 18:13:59.211700,http://www.ufcstats.com/event-details/04d5718ed2661e8c
2022-06-13 18:13:59.216024,http://www.ufcstats.com/event-details/29b5791e51e7e832
2022-06-13 18:13:59.232913,http://www.ufcstats.com/event-details/1652f3213655b935
2022-06-13 18:13:59.233731,http://www.ufcstats.com/event-details/c4b6099f0d25f75e
2022-06-13 18:13:59.251548,http://www.ufcstats.com/event-details/4908c5ee68a50ee5
2022-06-13 18:13:59.255225,http://www.ufcstats.com/event-details/cb6783c39c01d896
2022-06-13 18:13:59.279383,http://www.ufcstats.com/event-details/0ee783aa00e468f0
2022-06-13 18:13:59.284992,http://www.ufcstats.com/event-details/48d1f690b763934c
2022-06-13 18:13:59.308258,http://www.ufcstats.com/event-details/a8ea84cbe1655f0a
2022-06-13 18:13:59.315596,http://www.ufcstats.com/event-details/c6a33ff198aaaeeb
2022-06-13 18:13:59.321365,http://www.ufcstats.com/event-details/896c322f56b8be5a
2022-06-13 18:13:59.338111,http://www.ufcstats.com/event-details/84a067c46306a737
2022-06-13 18:13:59.339168,http://www.ufcstats.com/event-details/7c0847d3854a95f2
2022-06-13 18:13:59.340029,http://www.ufcstats.com/event-details/fa8b9e6b0c2269f8
2022-06-13 18:13:59.363133,http://www.ufcstats.com/event-details/91d73ee59347ac16
2022-06-13 18:13:59.363926,http://www.ufcstats.com/event-details/821cd80aab70d5f9
2022-06-13 18:13:59.397443,http://www.ufcstats.com/event-details/a6d8bfe9e0c8153b
2022-06-13 18:13:59.421839,http://www.ufcstats.com/event-details/15edcf67ccf5be84
2022-06-13 18:13:59.423088,http://www.ufcstats.com/event-details/58bc81376286b3d3
2022-06-13 18:13:59.431419,http://www.ufcstats.com/event-details/49efbdc6c9f650c4
2022-06-13 18:13:59.438041,http://www.ufcstats.com/event-details/c80095f6092271a7
2022-06-13 18:13:59.454722,http://www.ufcstats.com/event-details/3795fca327cbcf23
2022-06-13 18:13:59.455660,http://www.ufcstats.com/event-details/24b033b3daf1c9df
2022-06-13 18:13:59.477844,http://www.ufcstats.com/event-details/3ed134d85dfbd7b4
2022-06-13 18:13:59.489173,http://www.ufcstats.com/event-details/d0c29452d3272603
2022-06-13 18:13:59.520716,http://www.ufcstats.com/event-details/9bcf8603ceb25680
2022-06-13 18:13:59.522460,http://www.ufcstats.com/event-details/bfc2fc38a0e20211
2022-06-13 18:13:59.523302,http://www.ufcstats.com/event-details/cfb65863d5099327
2022-06-13 18:13:59.538129,http://www.ufcstats.com/event-details/140745cbbcb023ac
2022-06-13 18:13:59.543597,http://www.ufcstats.com/event-details/2f3f12002564bb55
2022-06-13 18:13:59.545102,http://www.ufcstats.com/event-details/f12f979b657ab876
2022-06-13 18:13:59.564331,http://www.ufcstats.com/event-details/054defd5420a551f
2022-06-13 18:13:59.572082,http://www.ufcstats.com/event-details/acff437707625fc7
2022-06-13 18:13:59.603570,http://www.ufcstats.com/event-details/ad32471f01e7b1a5
2022-06-13 18:13:59.632066,http://www.ufcstats.com/event-details/afdb76fbd86f6d11
2022-06-13 18:13:59.632827,http://www.ufcstats.com/event-details/d512d9f204059f57
2022-06-13 18:13:59.634733,http://www.ufcstats.com/event-details/dd992d569aaebee6
2022-06-13 18:13:59.637583,http://www.ufcstats.com/event-details/0ff11cc094e887bc
2022-06-13 18:13:59.664011,http://www.ufcstats.com/event-details/132f860d02953f4c
2022-06-13 18:13:59.669280,http://www.ufcstats.com/event-details/5d7bdab5e03e3216
2022-06-13 18:13:59.684207,http://www.ufcstats.com/event-details/d1152823307d7e7c
2022-06-13 18:13:59.696823,http://www.ufcstats.com/event-details/282fa667ff9c51ed
2022-06-13 18:13:59.728459,http://www.ufcstats.com/event-details/a54fc2d6fc224dc3
2022-06-13 18:13:59.732558,http://www.ufcstats.com/event-details/65ddc8a9ac4e8531
2022-06-13 18:13:59.735298,http://www.ufcstats.com/event-details/1411c630ba711b64
2022-06-13 18:13:59.746134,http://www.ufcstats.com/event-details/8a59d346dc976a10
2022-06-13 18:13:59.779916,http://www.ufcstats.com/event-details/88a9bc81271ccd89
2022-06-13 18:13:59.781335,http://www.ufcstats.com/event-details/b732b326c362fb62
2022-06-13 18:13:59.782821,http://www.ufcstats.com/event-details/3ba3b5cc94498437
2022-06-13 18:13:59.785363,http://www.ufcstats.com/event-details/2db7fa8db6bc9632
2022-06-13 18:13:59.825450,http://www.ufcstats.com/event-details/aac5ac38148f0528
2022-06-13 18:13:59.833788,http://www.ufcstats.com/event-details/f1f9e48a0d150757
2022-06-13 18:13:59.845638,http://www.ufcstats.com/event-details/d023ae89a2a4a41e
2022-06-13 18:13:59.848977,http://www.ufcstats.com/event-details/83fd97284f4bb4a4
2022-06-13 18:13:59.866215,http://www.ufcstats.com/event-details/4c8d6fde2dde07c4
2022-06-13 18:13:59.879625,http://www.ufcstats.com/event-details/1ffc38f67785797b
2022-06-13 18:13:59.902959,http://www.ufcstats.com/event-details/18968f97ad34f15c
2022-06-13 18:13:59.908901,http://www.ufcstats.com/event-details/73ef22f25d0f70e2
2022-06-13 18:13:59.936437,http://www.ufcstats.com/event-details/7d5b12de1625984e
2022-06-13 18:13:59.939437,http://www.ufcstats.com/event-details/44f9c777fed7ca03
2022-06-13 18:13:59.945137,http://www.ufcstats.com/event-details/e780ccc79a209985
2022-06-13 18:13:59.966993,http://www.ufcstats.com/event-details/8788beb528894f33
2022-06-13 18:13:59.971697,http://www.ufcstats.com/event-details/1c061eb6e29eaa0a
2022-06-13 18:13:59.972404,http://www.ufcstats.com/event-details/0ec821423baa26bd
2022-06-13 18:13:59.996199,http://www.ufcstats.com/event-details/6d7886b094b471ac
2022-06-13 18:13:59.996986,http://www.ufcstats.com/event-details/1f5f75658551f2d3
2022-06-13 18:14:00.034478,http://www.ufcstats.com/event-details/18524b46c570730b
2022-06-13 18:14:00.042480,http://www.ufcstats.com/event-details/c3c23c99477c041b
2022-06-13 18:14:00.046413,http://www.ufcstats.com/event-details/df2cf66d8c0123db
2022-06-13 18:14:00.048835,http://www.ufcstats.com/event-details/4d74641fac830182
2022-06-13 18:14:00.082577,http://www.ufcstats.com/event-details/0a97691039c4bbfb
2022-06-13 18:14:00.089926,http://www.ufcstats.com/event-details/8377c5572cb356f3
2022-06-13 18:14:00.090652,http://www.ufcstats.com/event-details/b5ea750025697880
2022-06-13 18:14:00.120343,http://www.ufcstats.com/event-details/21f2974fd08085e3
2022-06-13 18:14:00.135269,http://www.ufcstats.com/event-details/8caca5857ce0e30b
2022-06-13 18:14:00.140483,http://www.ufcstats.com/event-details/155bfc7ed36622df
2022-06-13 18:14:00.150106,http://www.ufcstats.com/event-details/5898357a45a73674
2022-06-13 18:14:00.150949,http://www.ufcstats.com/event-details/4985113c0928aa62
2022-06-13 18:14:00.170545,http://www.ufcstats.com/event-details/96087e90d900f0ef
2022-06-13 18:14:00.179941,http://www.ufcstats.com/event-details/49590e0508b2c19f
2022-06-13 18:14:00.182164,http://www.ufcstats.com/event-details/505934897b8b4824
2022-06-13 18:14:00.219649,http://www.ufcstats.com/event-details/3da19339ee7051d5
2022-06-13 18:14:00.232789,http://www.ufcstats.com/event-details/d3b5ad3b15a64a18
2022-06-13 18:14:00.238545,http://www.ufcstats.com/event-details/e8efeb9cf33b1941
2022-06-13 18:14:00.245304,http://www.ufcstats.com/event-details/f62850b3c7480db9
2022-06-13 18:14:00.255509,http://www.ufcstats.com/event-details/abbc4fc02e0d84b3
2022-06-13 18:14:00.271890,http://www.ufcstats.com/event-details/3c48019bc387b80c
2022-06-13 18:14:00.275219,http://www.ufcstats.com/event-details/53e533db1b8e9712
2022-06-13 18:14:00.328968,http://www.ufcstats.com/event-details/6cbb7661c3258617
2022-06-13 18:14:00.330577,http://www.ufcstats.com/event-details/6a0b80a24f22e152
2022-06-13 18:14:00.331730,http://www.ufcstats.com/event-details/319fa1bd3176bded
2022-06-13 18:14:00.333521,http://www.ufcstats.com/event-details/96d173b7f92aa520
2022-06-13 18:14:00.345693,http://www.ufcstats.com/event-details/d1e6a6536ee62517
2022-06-13 18:14:00.361944,http://www.ufcstats.com/event-details/c6da1c24fe473418
2022-06-13 18:14:00.363107,http://www.ufcstats.com/event-details/e8c170a64dc920ac
2022-06-13 18:14:00.379539,http://www.ufcstats.com/event-details/d41937647eae9a34
2022-06-13 18:14:00.420675,http://www.ufcstats.com/event-details/56f4b81ec4db61af
2022-06-13 18:14:00.428598,http://www.ufcstats.com/event-details/c6e6926a81adcd00
2022-06-13 18:14:00.434000,http://www.ufcstats.com/event-details/738acab0c6934dd8
2022-06-13 18:14:00.457873,http://www.ufcstats.com/event-details/601cf40c09090853
2022-06-13 18:14:00.462569,http://www.ufcstats.com/event-details/4679a38cced7c64a
2022-06-13 18:14:00.468476,http://www.ufcstats.com/event-details/09c44b317c98bf96
2022-06-13 18:14:00.489392,http://www.ufcstats.com/event-details/f1b2a4365799c48b
2022-06-13 18:14:00.494676,http://www.ufcstats.com/event-details/83c6c3e0f8bde8ee
2022-06-13 18:14:00.506286,http://www.ufcstats.com/event-details/6291ac0a3726732f
2022-06-13 18:14:00.529569,http://www.ufcstats.com/event-details/ce47f49e5c386a9c
2022-06-13 18:14:00.537129,http://www.ufcstats.com/event-details/aa79d5399571068e
2022-06-13 18:14:00.554275,http://www.ufcstats.com/event-details/030f08370fd1c2bb
2022-06-13 18:14:00.556098,http://www.ufcstats.com/event-details/3c241737a6069b9f
2022-06-13 18:14:00.561377,http://www.ufcstats.com/event-details/ea0ad155451ed1f5
2022-06-13 18:14:00.588813,http://www.ufcstats.com/event-details/e0b74df14f52cd15
2022-06-13 18:14:00.605505,http://www.ufcstats.com/event-details/8fd1f27e86661ede
2022-06-13 18:14:00.607231,http://www.ufcstats.com/event-details/7865707fd684d77b
2022-06-13 18:14:00.628751,http://www.ufcstats.com/event-details/5330fe7e4c3af81c
2022-06-13 18:14:00.630845,http://www.ufcstats.com/event-details/ebc5af72ad5a28cb
2022-06-13 18:14:00.641383,http://www.ufcstats.com/event-details/cf1a88371c8cb690
2022-06-13 18:14:00.658576,http://www.ufcstats.com/event-details/e5c38954c006f15c
2022-06-13 18:14:00.668251,http://www.ufcstats.com/event-details/980b4e712489098e
2022-06-13 18:14:00.693847,http://www.ufcstats.com/event-details/b23fca14c7b79935
2022-06-13 18:14:00.708119,http://www.ufcstats.com/event-details/df5a77121ba84a5d
2022-06-13 18:14:00.712905,http://www.ufcstats.com/event-details/43612456979e5d5e
2022-06-13 18:14:00.736118,http://www.ufcstats.com/event-details/eae4aec1a5a8ff01
2022-06-13 18:14:00.739816,http://www.ufcstats.com/event-details/35dc6220b113b7ec
2022-06-13 18:14:00.740579,http://www.ufcstats.com/event-details/60884f31ead1609c
2022-06-13 18:14:00.748740,http://www.ufcstats.com/event-details/5d7c18191b8aa432
2022-06-13 18:14:00.763812,http://www.ufcstats.com/event-details/28f3c2258a1d8874
2022-06-13 18:14:00.780541,http://www.ufcstats.com/event-details/9a967e8e43dcef63
2022-06-13 18:14:00.800061,http://www.ufcstats.com/event-details/ee457ef1e1c326c1
2022-06-13 18:14:00.811414,http://www.ufcstats.com/event-details/480b702debcb5433
2022-06-13 18:14:00.840183,http://www.ufcstats.com/event-details/30a09e43f15f1d75
2022-06-13 18:14:00.843457,http://www.ufcstats.com/event-details/e5c9de15bb58b1c6
2022-06-13 18:14:00.848740,http://www.ufcstats.com/event-details/83d0de122f2f9664
2022-06-13 18:14:00.849735,http://www.ufcstats.com/event-details/a8d521d913df4e31
2022-06-13 18:14:00.871395,http://www.ufcstats.com/event-details/fc31f896cde2bc2e
2022-06-13 18:14:00.879502,http://www.ufcstats.com/event-details/51b0bb73a1da34bc
2022-06-13 18:14:00.891690,http://www.ufcstats.com/event-details/a26198ba5093147e
2022-06-13 18:14:00.897331,http://www.ufcstats.com/event-details/3138fab619faf4d1
2022-06-13 18:14:00.932212,http://www.ufcstats.com/event-details/d632d156c0549e07
2022-06-13 18:14:00.934537,http://www.ufcstats.com/event-details/179f1948dc234f1f
2022-06-13 18:14:00.947385,http://www.ufcstats.com/event-details/d5f820c11a121050
2022-06-13 18:14:00.948565,http://www.ufcstats.com/event-details/ebc1f40e00e0c481
2022-06-13 18:14:00.957094,http://www.ufcstats.com/event-details/f9f07bb5a43535ed
2022-06-13 18:14:00.962512,http://www.ufcstats.com/event-details/a421465acbe59c77
2022-06-13 18:14:00.992322,http://www.ufcstats.com/event-details/579fcdfcabd23a7b
2022-06-13 18:14:00.993086,http://www.ufcstats.com/event-details/4f2fcbefb668689d
2022-06-13 18:14:01.026795,http://www.ufcstats.com/event-details/b757c73f443d4fca
2022-06-13 18:14:01.029390,http://www.ufcstats.com/event-details/9ca265dfe8323db3
2022-06-13 18:14:01.038519,http://www.ufcstats.com/event-details/1fcfc3709fe58151
2022-06-13 18:14:01.055199,http://www.ufcstats.com/event-details/59aaf2730b84698a
2022-06-13 18:14:01.074461,http://www.ufcstats.com/event-details/5b5307450405abf0
2022-06-13 18:14:01.075546,http://www.ufcstats.com/event-details/c0ed7b208197e8de
2022-06-13 18:14:01.116158,http://www.ufcstats.com/event-details/53adf5b845d91e4a
2022-06-13 18:14:01.118838,http://www.ufcstats.com/event-details/ac9521250dc1a14c
2022-06-13 18:14:01.134408,http://www.ufcstats.com/event-details/79ded75550efc139
2022-06-13 18:14:01.146222,http://www.ufcstats.com/event-details/1c5879330d42255f
2022-06-13 18:14:01.147301,http://www.ufcstats.com/event-details/073eee4e62f0d988
2022-06-13 18:14:01.150788,http://www.ufcstats.com/event-details/fd7acf42bd6e7e95
2022-06-13 18:14:01.155246,http://www.ufcstats.com/event-details/05fbfe628658c538
2022-06-13 18:14:01.156827,http://www.ufcstats.com/event-details/770b9d4813c25902
2022-06-13 18:14:01.189319,http://www.ufcstats.com/event-details/269d103c96a4c3a5
2022-06-13 18:14:01.197037,http://www.ufcstats.com/event-details/063649e21bc9d6d5
2022-06-13 18:14:01.229842,http://www.ufcstats.com/event-details/9bcfb40dbcd50568
2022-06-13 18:14:01.231070,http://www.ufcstats.com/event-details/a71feb7ea7592a71
2022-06-13 18:14:01.252075,http://www.ufcstats.com/event-details/2dea80c069847321
2022-06-13 18:14:01.256342,http://www.ufcstats.com/event-details/3bb030257966b022
2022-06-13 18:14:01.286479,http://www.ufcstats.com/event-details/0313bf497de9c470
2022-06-13 18:14:01.287547,http://www.ufcstats.com/event-details/8dc4f34c1f50d00d
2022-06-13 18:14:01.295910,http://www.ufcstats.com/event-details/53f02bbc41d99432
2022-06-13 18:14:01.303433,http://www.ufcstats.com/event-details/371a1c91b24dec2b
2022-06-13 18:14:01.322002,http://www.ufcstats.com/event-details/59851163aaf1aed8
2022-06-13 18:14:01.331674,http://www.ufcstats.com/event-details/6ca68b636fbc1f18
2022-06-13 18:14:01.349583,http://www.ufcstats.com/event-details/dfdd0c5dd0d4bc23
2022-06-13 18:14:01.350385,http://www.ufcstats.com/event-details/155a02a8b4311057
2022-06-13 18:14:01.411130,http://www.ufcstats.com/event-details/222d6b547de2e035
2022-06-13 18:14:01.548402,http://www.ufcstats.com/event-details/d4a12dfa4067742f
2022-06-13 18:14:01.593392,http://www.ufcstats.com/event-details/f9aa6376ae16bfb4
2022-06-13 18:14:01.623453,http://www.ufcstats.com/event-details/706404da0775dcbc
2022-06-13 18:14:01.637410,http://www.ufcstats.com/event-details/f9c7fe2682af3802
2022-06-13 18:14:01.676219,http://www.ufcstats.com/event-details/ad4e9055bf8cd04d
2022-06-13 18:14:01.697166,http://www.ufcstats.com/event-details/f54200f1dfb9b5d4
2022-06-13 18:14:01.714116,http://www.ufcstats.com/event-details/fa534853eb195270
2022-06-13 18:14:01.732818,http://www.ufcstats.com/event-details/16d09e800ad7ec79
2022-06-13 18:14:01.759033,http://www.ufcstats.com/event-details/5de61b03868035ff
2022-06-13 18:14:01.782262,http://www.ufcstats.com/event-details/bc7cf284c1c2f16e
2022-06-13 18:14:01.800077,http://www.ufcstats.com/event-details/997b4f52f76a0b53
2022-06-13 18:14:01.819410,http://www.ufcstats.com/event-details/8a1b4330c7957961
2022-06-13 18:14:01.861130,http://www.ufcstats.com/event-details/b1605ea39fba6af6
2022-06-13 18:14:01.862353,http://www.ufcstats.com/event-details/4f7e290e71d60f87
2022-06-13 18:14:01.897112,http://www.ufcstats.com/event-details/aae0897825336b1a
2022-06-13 18:14:01.929575,http://www.ufcstats.com/event-details/06dc1a58663579d2
2022-06-13 18:14:01.947016,http://www.ufcstats.com/event-details/a58114c6dd0add64
2022-06-13 18:14:01.969774,http://www.ufcstats.com/event-details/194fc025f9355db6
2022-06-13 18:14:01.980134,http://www.ufcstats.com/event-details/86e388ed20761ad9
2022-06-13 18:14:02.217279,http://www.ufcstats.com/event-details/a72d260b436924c4
2022-06-13 18:14:02.241973,http://www.ufcstats.com/event-details/43563a32c3f10e95
2022-06-13 18:14:02.256006,http://www.ufcstats.com/event-details/ef7fa30364cbe7f2
2022-06-13 18:14:02.311131,http://www.ufcstats.com/event-details/0c3838c8f7c620c2
2022-06-13 18:14:02.337130,http://www.ufcstats.com/event-details/a9c45a8b21eabadc
2022-06-13 18:14:02.355320,http://www.ufcstats.com/event-details/b71667c778b6d9e5
2022-06-13 18:14:02.403338,http://www.ufcstats.com/event-details/2ce6541127b0e232
2022-06-13 18:14:02.425757,http://www.ufcstats.com/event-details/82f5c81f4e3c3eb5
2022-06-13 18:14:02.444490,http://www.ufcstats.com/event-details/a4dd5c9a75763295
2022-06-13 18:14:02.508269,http://www.ufcstats.com/event-details/119ebea97e914dcf
2022-06-13 18:14:02.652347,http://www.ufcstats.com/event-details/4e5bbc4566049cbf
2022-06-13 18:14:02.677232,http://www.ufcstats.com/event-details/0577808d22dfe79c
2022-06-13 18:14:02.690359,http://www.ufcstats.com/event-details/8d04923f2db59b7f
2022-06-13 18:14:02.743545,http://www.ufcstats.com/event-details/243b07fc65ccbb16
2022-06-13 18:14:02.758608,http://www.ufcstats.com/event-details/4d636c3aa1105950
2022-06-13 18:14:02.779960,http://www.ufcstats.com/event-details/dd39f1ca787a3d9d
2022-06-13 18:14:02.823429,http://www.ufcstats.com/event-details/20fbff570c678e1c
2022-06-13 18:14:02.853952,http://www.ufcstats.com/event-details/354808cf38d9d73c
2022-06-13 18:14:02.866978,http://www.ufcstats.com/event-details/80d918336163b80c
2022-06-13 18:14:02.905179,http://www.ufcstats.com/event-details/380e8b023290d091
2022-06-13 18:14:02.960764,http://www.ufcstats.com/event-details/b3fb8d2293e17a59
2022-06-13 18:14:02.961762,http://www.ufcstats.com/event-details/c6becb722706c7d8
2022-06-13 18:14:02.991148,http://www.ufcstats.com/event-details/de99da2c0d18d34a
2022-06-13 18:14:02.995428,http://www.ufcstats.com/event-details/f3155a94ca420126
2022-06-13 18:14:03.019236,http://www.ufcstats.com/event-details/5345f86680378fc1
2022-06-13 18:14:03.055195,http://www.ufcstats.com/event-details/39c568f8c579913e
2022-06-13 18:14:03.080737,http://www.ufcstats.com/event-details/db1f2ed63b54b9a7
2022-06-13 18:14:03.081753,http://www.ufcstats.com/event-details/d56bb6dff2ae77eb
2022-06-13 18:14:03.093836,http://www.ufcstats.com/event-details/e60201cfab7d656d
2022-06-13 18:14:03.117243,http://www.ufcstats.com/event-details/4887e5bc4dbb73ff
2022-06-13 18:14:03.173438,http://www.ufcstats.com/event-details/e7e970d508529bf3
2022-06-13 18:14:03.177459,http://www.ufcstats.com/event-details/a314687f372b2cec
2022-06-13 18:14:03.192287,http://www.ufcstats.com/event-details/a4bf17bd3ba3423b
2022-06-13 18:14:03.204305,http://www.ufcstats.com/event-details/3d481aa374c954a1
2022-06-13 18:14:03.221655,http://www.ufcstats.com/event-details/990060b2a68a7b82
2022-06-13 18:14:03.265561,http://www.ufcstats.com/event-details/563d051c9e769b24
2022-06-13 18:14:03.275427,http://www.ufcstats.com/event-details/ff4c3ab594c7fac3
2022-06-13 18:14:03.288559,http://www.ufcstats.com/event-details/45a2ba3ef82b9700
2022-06-13 18:14:03.302437,http://www.ufcstats.com/event-details/cd42bbe8887bba90
2022-06-13 18:14:03.318437,http://www.ufcstats.com/event-details/aa5b4eff51bdc7d1
2022-06-13 18:14:03.371435,http://www.ufcstats.com/event-details/5e7a28f20927d64a
2022-06-13 18:14:03.374168,http://www.ufcstats.com/event-details/8a028648f3f0761d
2022-06-13 18:14:03.378425,http://www.ufcstats.com/event-details/72cbe507644a587c
2022-06-13 18:14:03.403000,http://www.ufcstats.com/event-details/5da4e8dc02e50ac0
2022-06-13 18:14:03.412251,http://www.ufcstats.com/event-details/232c582f29f8f65e
2022-06-13 18:14:03.439374,http://www.ufcstats.com/event-details/cfbccfed4e4796fe
2022-06-13 18:14:03.475276,http://www.ufcstats.com/event-details/2b4faacc16d66898
2022-06-13 18:14:03.478463,http://www.ufcstats.com/event-details/2dc7f1762dc0a7ef
2022-06-13 18:14:03.480178,http://www.ufcstats.com/event-details/3be081c29bf734d9
2022-06-13 18:14:03.502385,http://www.ufcstats.com/event-details/d6455cb4bee503ce
2022-06-13 18:14:03.503695,http://www.ufcstats.com/event-details/a890f9a791ed615d
2022-06-13 18:14:03.517538,http://www.ufcstats.com/event-details/e18012194473e8b0
2022-06-13 18:14:03.519592,http://www.ufcstats.com/event-details/36877f0e62b25b96
2022-06-13 18:14:03.530698,http://www.ufcstats.com/event-details/a196332ee4aa8a82
2022-06-13 18:14:03.572550,http://www.ufcstats.com/event-details/6083f497c22cc075
2022-06-13 18:14:03.579310,http://www.ufcstats.com/event-details/154a6b3ffae264cd
2022-06-13 18:14:03.587241,http://www.ufcstats.com/event-details/4956f60b7fa57c1a
2022-06-13 18:14:03.588769,http://www.ufcstats.com/event-details/6810d8d2dd557cf9
2022-06-13 18:14:03.601225,http://www.ufcstats.com/event-details/5cde96e0a1a1fffe
2022-06-13 18:14:03.613573,http://www.ufcstats.com/event-details/bd4389b71fdc0ce2
2022-06-13 18:14:03.615774,http://www.ufcstats.com/event-details/73e09f837f3b5ecc
2022-06-13 18:14:03.632017,http://www.ufcstats.com/event-details/7139cd2ae4bf6a29
2022-06-13 18:14:03.657345,http://www.ufcstats.com/event-details/6e3282d57d2467a0
2022-06-13 18:14:03.668684,http://www.ufcstats.com/event-details/4b2390cfaceb91d8
2022-06-13 18:14:03.674234,http://www.ufcstats.com/event-details/46effbd1135423c5
2022-06-13 18:14:03.687869,http://www.ufcstats.com/event-details/32541eb5d12668b4
2022-06-13 18:14:03.699985,http://www.ufcstats.com/event-details/865aa315ea62c511
2022-06-13 18:14:03.700782,http://www.ufcstats.com/event-details/6a8a06b542e1516d
2022-06-13 18:14:03.716882,http://www.ufcstats.com/event-details/4512e46543b960ad
2022-06-13 18:14:03.723492,http://www.ufcstats.com/event-details/b4ad3a06ee4d660c
2022-06-13 18:14:03.743641,http://www.ufcstats.com/event-details/20e403a1acfef130
2022-06-13 18:14:03.762135,http://www.ufcstats.com/event-details/47b7e4e60813b7b2
2022-06-13 18:14:03.778164,http://www.ufcstats.com/event-details/e7bfdb5e0112891e
2022-06-13 18:14:03.779217,http://www.ufcstats.com/event-details/c0231720fe516994
2022-06-13 18:14:03.783339,http://www.ufcstats.com/event-details/ed069a95aaaf4f56
2022-06-13 18:14:03.811304,http://www.ufcstats.com/event-details/5df10509264586e5
2022-06-13 18:14:03.814186,http://www.ufcstats.com/event-details/1c7cce2f5c17160d
2022-06-13 18:14:03.815528,http://www.ufcstats.com/event-details/bc7f7f0ba3db74d2
2022-06-13 18:14:03.826587,http://www.ufcstats.com/event-details/1507214bbc7a79e2
2022-06-13 18:14:03.846652,http://www.ufcstats.com/event-details/90e7447d8b7f3f35
2022-06-13 18:14:03.863630,http://www.ufcstats.com/event-details/99bf06f20491cb54
2022-06-13 18:14:03.869145,http://www.ufcstats.com/event-details/23bd78c3f89bdb54
2022-06-13 18:14:03.876066,http://www.ufcstats.com/event-details/353de740bb6c7e75
2022-06-13 18:14:03.905122,http://www.ufcstats.com/event-details/686cccbf1a4de453
2022-06-13 18:14:03.910473,http://www.ufcstats.com/event-details/d7907a9a968e4d29
2022-06-13 18:14:03.914835,http://www.ufcstats.com/event-details/9f3d6ddef3d3cccc
2022-06-13 18:14:03.942582,http://www.ufcstats.com/event-details/ff9578cdbfabd323
2022-06-13 18:14:03.955836,http://www.ufcstats.com/event-details/a3244e3238541482
2022-06-13 18:14:03.956709,http://www.ufcstats.com/event-details/f4a031ac205ac580
2022-06-13 18:14:03.971310,http://www.ufcstats.com/event-details/d86e913c548c07c2
2022-06-13 18:14:03.972328,http://www.ufcstats.com/event-details/1979c80150f630c4
2022-06-13 18:14:03.999682,http://www.ufcstats.com/event-details/9211aae062b799d6
2022-06-13 18:14:04.004492,http://www.ufcstats.com/event-details/d6b68eaf4b68b160
2022-06-13 18:14:04.005444,http://www.ufcstats.com/event-details/cc5834a495d1ea08
2022-06-13 18:14:04.024118,http://www.ufcstats.com/event-details/a7724f51e32e763e
2022-06-13 18:14:04.058994,http://www.ufcstats.com/event-details/a25b71fe5e31fa97
2022-06-13 18:14:04.061984,http://www.ufcstats.com/event-details/d856a0080ac09ed7
2022-06-13 18:14:04.062946,http://www.ufcstats.com/event-details/caced97768818230
2022-06-13 18:14:04.076080,http://www.ufcstats.com/event-details/e7bc606d269896aa
2022-06-13 18:14:04.087018,http://www.ufcstats.com/event-details/30e8b4505f5ccf92
2022-06-13 18:14:04.097640,http://www.ufcstats.com/event-details/9e30f69cc0869301
2022-06-13 18:14:04.100454,http://www.ufcstats.com/event-details/bcd124bcd3d5be46
2022-06-13 18:14:04.132120,http://www.ufcstats.com/event-details/eaa0a728cc91ef60
2022-06-13 18:14:04.150527,http://www.ufcstats.com/event-details/04076783ca83d6ae
2022-06-13 18:14:04.151441,http://www.ufcstats.com/event-details/fc1868f56d3036eb
2022-06-13 18:14:04.154682,http://www.ufcstats.com/event-details/02177caefe7c07d4
2022-06-13 18:14:04.161571,http://www.ufcstats.com/event-details/602bb270f2bdbf02
2022-06-13 18:14:04.174462,http://www.ufcstats.com/event-details/7cf20446453f852b
2022-06-13 18:14:04.203773,http://www.ufcstats.com/event-details/35585d970300d45a
2022-06-13 18:14:04.206365,http://www.ufcstats.com/event-details/b45d6b73f4ca4467
2022-06-13 18:14:04.213294,http://www.ufcstats.com/event-details/4f732e58ed907eff
2022-06-13 18:14:04.227628,http://www.ufcstats.com/event-details/03b1e846b09f721d
2022-06-13 18:14:04.252101,http://www.ufcstats.com/event-details/322a56923b396b4d
2022-06-13 18:14:04.254677,http://www.ufcstats.com/event-details/d5ae8074631762fc
2022-06-13 18:14:04.255762,http://www.ufcstats.com/event-details/c0342805a1948cbb
2022-06-13 18:14:04.281678,http://www.ufcstats.com/event-details/8d49545dadf9b919
2022-06-13 18:14:04.292907,http://www.ufcstats.com/event-details/852454c572675334
2022-06-13 18:14:04.296148,http://www.ufcstats.com/event-details/1ef0eae31904e534
2022-06-13 18:14:04.301310,http://www.ufcstats.com/event-details/33a331684283900f
2022-06-13 18:14:04.318445,http://www.ufcstats.com/event-details/20821819c401ced8
2022-06-13 18:14:04.336514,http://www.ufcstats.com/event-details/42c96a9c4802e2e1
2022-06-13 18:14:04.339537,http://www.ufcstats.com/event-details/aa3153a9941b4d44
2022-06-13 18:14:04.352890,http://www.ufcstats.com/event-details/de25520d54eab12d
2022-06-13 18:14:04.371662,http://www.ufcstats.com/event-details/c7ac79839e86ce33
2022-06-13 18:14:04.377447,http://www.ufcstats.com/event-details/d1d20e651e6cbc02
2022-06-13 18:14:04.385388,http://www.ufcstats.com/event-details/2a74bbba57058f12
2022-06-13 18:14:04.387301,http://www.ufcstats.com/event-details/7a703c565ccaa18f
2022-06-13 18:14:04.404499,http://www.ufcstats.com/event-details/c046100aea0dba9a
2022-06-13 18:14:04.419480,http://www.ufcstats.com/event-details/d4da8995fc91e7ef
2022-06-13 18:14:04.422386,http://www.ufcstats.com/event-details/84283233ec42be5f
2022-06-13 18:14:04.455549,http://www.ufcstats.com/event-details/b5882371e2a3900d
2022-06-13 18:14:04.456549,http://www.ufcstats.com/event-details/a7a79b8efbceaaac
2022-06-13 18:14:04.474069,http://www.ufcstats.com/event-details/2d5fbe2103f97053
2022-06-13 18:14:04.492362,http://www.ufcstats.com/event-details/e96d8538d3f9d0ed
2022-06-13 18:14:04.494501,http://www.ufcstats.com/event-details/6546af7ab545b90c
2022-06-13 18:14:04.496723,http://www.ufcstats.com/event-details/80eacd4da0617c57
2022-06-13 18:14:04.503299,http://www.ufcstats.com/event-details/487c170da059857d
2022-06-13 18:14:04.511506,http://www.ufcstats.com/event-details/9649d75defe0dedb
2022-06-13 18:14:04.530381,http://www.ufcstats.com/event-details/b0550072e5f0afa7
2022-06-13 18:14:04.567139,http://www.ufcstats.com/event-details/c912f676692c353a
2022-06-13 18:14:04.586198,http://www.ufcstats.com/event-details/6b8f28da9a483049
2022-06-13 18:14:04.589226,http://www.ufcstats.com/event-details/9de7c97e1c0d7927
2022-06-13 18:14:04.595382,http://www.ufcstats.com/event-details/351264d11286d09a
2022-06-13 18:14:04.614644,http://www.ufcstats.com/event-details/e31502e3f79d00c5
2022-06-13 18:14:04.615385,http://www.ufcstats.com/event-details/cbc071cb20ea59c7
2022-06-13 18:14:04.620753,http://www.ufcstats.com/event-details/b16a7e6a627e9789
2022-06-13 18:14:04.655454,http://www.ufcstats.com/event-details/c0c1bc0766df4c00
2022-06-13 18:14:04.678316,http://www.ufcstats.com/event-details/6c9383ffab2725a5
2022-06-13 18:14:04.686064,http://www.ufcstats.com/event-details/2f8f3c69522db931
2022-06-13 18:14:04.688238,http://www.ufcstats.com/event-details/9e0f28d1f639ad73
2022-06-13 18:14:04.711539,http://www.ufcstats.com/event-details/e5d03e4d966126bd
2022-06-13 18:14:04.714278,http://www.ufcstats.com/event-details/03da33a102d9a45f
2022-06-13 18:14:04.720522,http://www.ufcstats.com/event-details/abcf7e55a0a9ed89
2022-06-13 18:14:04.744144,http://www.ufcstats.com/event-details/70167689d6a01793
2022-06-13 18:14:04.778543,http://www.ufcstats.com/event-details/2c104b7e59a72629
2022-06-13 18:14:04.779460,http://www.ufcstats.com/event-details/7dcf06c1967801c1
2022-06-13 18:14:04.783366,http://www.ufcstats.com/event-details/4834ff149dc9542a
2022-06-13 18:14:04.788832,http://www.ufcstats.com/event-details/a79bfbc01b2264d6
2022-06-13 18:14:04.797114,http://www.ufcstats.com/event-details/94a5aaf573f780ad
2022-06-13 18:14:04.811362,http://www.ufcstats.com/event-details/3cf68c1d17f66af7
2022-06-13 18:14:04.812523,http://www.ufcstats.com/event-details/1bf49bf829964144
2022-06-13 18:14:04.847305,http://www.ufcstats.com/event-details/0941df56f6ac954b
2022-06-13 18:14:04.863073,http://www.ufcstats.com/event-details/df05aa15b2d66f57
2022-06-13 18:14:04.870480,http://www.ufcstats.com/event-details/3ae10ac4df3df05c
2022-06-13 18:14:04.894301,http://www.ufcstats.com/event-details/8d5daf67983b65ba
2022-06-13 18:14:04.898183,http://www.ufcstats.com/event-details/81ca2c245b19b3c5
2022-06-13 18:14:04.899064,http://www.ufcstats.com/event-details/fd87b1bbfcde9d5e
2022-06-13 18:14:04.930895,http://www.ufcstats.com/event-details/b09890ba7ce1d1e2
2022-06-13 18:14:04.956461,http://www.ufcstats.com/event-details/74fefd43f073cd2f
2022-06-13 18:14:04.958255,http://www.ufcstats.com/event-details/4565d435005319c0
2022-06-13 18:14:04.959155,http://www.ufcstats.com/event-details/0c1773639c795466
2022-06-13 18:14:04.960683,http://www.ufcstats.com/event-details/44aa652b181bcf68
2022-06-13 18:14:04.995211,http://www.ufcstats.com/event-details/b26d3e3746fb4024
2022-06-13 18:14:04.995979,http://www.ufcstats.com/event-details/33b2f68ef95252e0
2022-06-13 18:14:05.004496,http://www.ufcstats.com/event-details/5df17b3620145578
2022-06-13 18:14:05.028112,http://www.ufcstats.com/event-details/fc9a9559a05f2704
2022-06-13 18:14:05.046706,http://www.ufcstats.com/event-details/898337ef520fe4d3
2022-06-13 18:14:05.094167,http://www.ufcstats.com/event-details/dfb965c9824425db
2022-06-13 18:14:05.096477,http://www.ufcstats.com/event-details/0b5b6876c2a4723f
2022-06-13 18:14:05.097708,http://www.ufcstats.com/event-details/53278852bcd91e11
2022-06-13 18:14:05.103315,http://www.ufcstats.com/event-details/5f8e00c27b7e7410
2022-06-13 18:14:05.104417,http://www.ufcstats.com/event-details/14b9e0f2679a2205
2022-06-13 18:14:05.114170,http://www.ufcstats.com/event-details/4c12aa7ca246e7a4
2022-06-13 18:14:05.129012,http://www.ufcstats.com/event-details/1e13936d708bcff7
2022-06-13 18:14:05.137248,http://www.ufcstats.com/event-details/2eab7a6c8b0ed8cc
2022-06-13 18:14:05.197225,http://www.ufcstats.com/event-details/c32eab6c2119e989
2022-06-13 18:14:05.219142,http://www.ufcstats.com/event-details/dde70a112e053a6c
2022-06-13 18:14:05.221634,http://www.ufcstats.com/event-details/dbd198f780286aca
2022-06-13 18:14:05.222517,http://www.ufcstats.com/event-details/18f5669a92e99d92
2022-06-13 18:14:05.269314,http://www.ufcstats.com/event-details/3746e21bb508391a
2022-06-13 18:14:05.277666,http://www.ufcstats.com/event-details/bda04c573563cc2e
2022-06-13 18:14:05.281833,http://www.ufcstats.com/event-details/7a82635ffa9b59fe
2022-06-13 18:14:05.289367,http://www.ufcstats.com/event-details/af1e5c64b8663aa0
2022-06-13 18:14:05.302037,http://www.ufcstats.com/event-details/ddbd0d6259ce57cc
2022-06-13 18:14:05.305576,http://www.ufcstats.com/event-details/e29cf523ebd155c5
2022-06-13 18:14:05.306949,http://www.ufcstats.com/event-details/542db012217ecb83
2022-06-13 18:14:05.356604,http://www.ufcstats.com/event-details/9c37681096c6f3a9
2022-06-13 18:14:05.365660,http://www.ufcstats.com/event-details/e69c5ce12f4e762b
2022-06-13 18:14:05.368940,http://www.ufcstats.com/event-details/831b937811804dad
2022-06-13 18:14:05.390680,http://www.ufcstats.com/event-details/805ad1801eb26abb
2022-06-13 18:14:05.394996,http://www.ufcstats.com/event-details/d4f364dd076bb0e2
2022-06-13 18:14:05.396032,http://www.ufcstats.com/event-details/c3c38c86f5ab9b5c
2022-06-13 18:14:05.405310,http://www.ufcstats.com/event-details/fd4578cac86d75ca
2022-06-13 18:14:05.430844,http://www.ufcstats.com/event-details/ad044be25c94dcfd
2022-06-13 18:14:05.439743,http://www.ufcstats.com/event-details/41dca66f9dadfc86
2022-06-13 18:14:05.453189,http://www.ufcstats.com/event-details/bbb15f301e4a490a
2022-06-13 18:14:05.459371,http://www.ufcstats.com/event-details/3bc27ec15facbcf3
2022-06-13 18:14:05.489509,http://www.ufcstats.com/event-details/992c82450d96f726
2022-06-13 18:14:05.490997,http://www.ufcstats.com/event-details/398b440e73d55b8b
2022-06-13 18:14:05.491986,http://www.ufcstats.com/event-details/d0d43cb9b14f231c
2022-06-13 18:14:05.492650,http://www.ufcstats.com/event-details/e49c2db95e572dc8
2022-06-13 18:14:05.513046,http://www.ufcstats.com/event-details/307064d3e0f036c2
2022-06-13 18:14:05.535750,http://www.ufcstats.com/event-details/56116537d71a578c
2022-06-13 18:14:05.547667,http://www.ufcstats.com/event-details/4304992c2acc187b
2022-06-13 18:14:05.553915,http://www.ufcstats.com/event-details/a1153013cb5f628f
2022-06-13 18:14:05.577679,http://www.ufcstats.com/event-details/3f7c14c7eca7195d
2022-06-13 18:14:05.579505,http://www.ufcstats.com/event-details/81b57acd6975ac06
2022-06-13 18:14:05.590057,http://www.ufcstats.com/event-details/bfe95ec546692b13
2022-06-13 18:14:05.621820,http://www.ufcstats.com/event-details/6e2b1d631832921d
2022-06-13 18:14:05.653011,http://www.ufcstats.com/event-details/8c90c1563972e44d
2022-06-13 18:14:05.653761,http://www.ufcstats.com/event-details/c36e1f4fa755ffb4
2022-06-13 18:14:05.670479,http://www.ufcstats.com/event-details/27541033b97c076d
2022-06-13 18:14:05.671235,http://www.ufcstats.com/event-details/6597b611f1c32555
2022-06-13 18:14:05.672274,http://www.ufcstats.com/event-details/9114c8ded5ccd71d
2022-06-13 18:14:05.682564,http://www.ufcstats.com/event-details/d57e6a8971b6d2bd
2022-06-13 18:14:05.706614,http://www.ufcstats.com/event-details/4a35913bd9aa4161
2022-06-13 18:14:05.726032,http://www.ufcstats.com/event-details/744f50016c39c26c
2022-06-13 18:14:05.729467,http://www.ufcstats.com/event-details/58a36b4ccf5dc30e
2022-06-13 18:14:05.731074,http://www.ufcstats.com/event-details/277ffed20cf07aea
2022-06-13 18:14:05.761538,http://www.ufcstats.com/event-details/3b2485c8d5c8b580
2022-06-13 18:14:05.766018,http://www.ufcstats.com/event-details/0b64d0fed453ef7f
2022-06-13 18:14:05.766650,http://www.ufcstats.com/event-details/9ddfb3369a3b0394
2022-06-13 18:14:05.806540,http://www.ufcstats.com/event-details/40389d39a92f5bfa
2022-06-13 18:14:05.828825,http://www.ufcstats.com/event-details/8a0be41c0380188d
2022-06-13 18:14:05.831599,http://www.ufcstats.com/event-details/a1d6b308781aa2f5
2022-06-13 18:14:05.832486,http://www.ufcstats.com/event-details/e57f0b06ea39e360
2022-06-13 18:14:05.837817,http://www.ufcstats.com/event-details/320edfb0332b7073
2022-06-13 18:14:05.856070,http://www.ufcstats.com/event-details/2f13e4020cea5b38
2022-06-13 18:14:05.857454,http://www.ufcstats.com/event-details/972197a8c61ac413
2022-06-13 18:14:05.861907,http://www.ufcstats.com/event-details/0db9d2486d564a3c
2022-06-13 18:14:05.889427,http://www.ufcstats.com/event-details/b9532d815060de7f
2022-06-13 18:14:05.907772,http://www.ufcstats.com/event-details/4c27ca8c8481f79a
2022-06-13 18:14:05.935331,http://www.ufcstats.com/event-details/e15d0a2519d6a0b5
2022-06-13 18:14:05.938580,http://www.ufcstats.com/event-details/0eec866a077889f0
2022-06-13 18:14:05.939513,http://www.ufcstats.com/event-details/d247691a6c0e9034
2022-06-13 18:14:05.946069,http://www.ufcstats.com/event-details/8f4616698508f24d
2022-06-13 18:14:05.957108,http://www.ufcstats.com/event-details/8a9c6c4301f6d088
2022-06-13 18:14:05.991255,http://www.ufcstats.com/event-details/3974fa35c917af1d
2022-06-13 18:14:06.004526,http://www.ufcstats.com/event-details/48e093ea1f43a053
2022-06-13 18:14:06.005307,http://www.ufcstats.com/event-details/b5abaa65f87938eb
2022-06-13 18:14:06.038936,http://www.ufcstats.com/event-details/ef927e4fe2117ab8
2022-06-13 18:14:06.039662,http://www.ufcstats.com/event-details/2a470ad41c22c25a
2022-06-13 18:14:06.048556,http://www.ufcstats.com/event-details/509697e08673d2e5
2022-06-13 18:14:06.049604,http://www.ufcstats.com/event-details/c95fbc085e17a532
2022-06-13 18:14:06.063982,http://www.ufcstats.com/event-details/f5585e675af7afd4
2022-06-13 18:14:06.071338,http://www.ufcstats.com/event-details/335ad945324c3a2e
2022-06-13 18:14:06.114717,http://www.ufcstats.com/event-details/cbb682f5fcc44bfc
2022-06-13 18:14:06.115668,http://www.ufcstats.com/event-details/883922e5cd6d8473
2022-06-13 18:14:06.121208,http://www.ufcstats.com/event-details/f6a7b02c42e9fc5b
2022-06-13 18:14:06.129942,http://www.ufcstats.com/event-details/77940e45bc86208e
2022-06-13 18:14:06.145332,http://www.ufcstats.com/event-details/75e0d3cc2262b732
2022-06-13 18:14:06.150485,http://www.ufcstats.com/event-details/1d00756835ca67c9
2022-06-13 18:14:06.154428,http://www.ufcstats.com/event-details/1f9344211ca7fd60
2022-06-13 18:14:06.163396,http://www.ufcstats.com/event-details/1fac46d466abd5b8
2022-06-13 18:14:06.205832,http://www.ufcstats.com/event-details/3a97fda0de6f1fa4
2022-06-13 18:14:06.206638,http://www.ufcstats.com/event-details/8753e125f4499816
2022-06-13 18:14:06.221713,http://www.ufcstats.com/event-details/236a37d96d476164
2022-06-13 18:14:06.228044,http://www.ufcstats.com/event-details/6bf5a7d3e081ade2
2022-06-13 18:14:06.233613,http://www.ufcstats.com/event-details/253d3f9e97ca149a
2022-06-13 18:14:06.237106,http://www.ufcstats.com/event-details/60ba33c3f555a7a3
2022-06-13 18:14:06.238138,http://www.ufcstats.com/event-details/a6c32678efd4f434
2022-06-13 18:14:06.292523,http://www.ufcstats.com/event-details/91720876db0ee468
2022-06-13 18:14:06.544185,http://www.ufcstats.com/event-details/57591bbf1623574e
